Date,Adj Close
1/2/2014,0
1/3/2014,0
1/6/2014,0
1/7/2014,55.69023002
1/8/2014,56.97659787
1/9/2014,61.93741415
1/10/2014,77.88084086
1/13/2014,19.09398039
1/14/2014,57.75192409
1/15/2014,68.89828302
1/16/2014,62.86612135
1/17/2014,44.06387832
1/21/2014,57.31927083
1/22/2014,60.44436382
1/23/2014,25.37620895
1/24/2014,7.813724118
1/27/2014,6.33083065
1/28/2014,30.24851448
1/29/2014,18.65439578
1/30/2014,50.04663214
1/31/2014,37.81942283
2/3/2014,15.76088175
2/4/2014,33.46974708
2/5/2014,31.66901761
2/6/2014,63.01245371
2/7/2014,77.65487291
2/10/2014,79.48231573
2/11/2014,88.15627856
2/12/2014,88.4899011
2/13/2014,92.01273614
2/14/2014,94.65145882
2/18/2014,95.17238607
2/19/2014,52.57116303
2/20/2014,70.25282565
2/21/2014,63.36345262
2/24/2014,78.63135243
2/25/2014,75.39595371
2/26/2014,75.6106877
2/27/2014,89.26251779
2/28/2014,92.3673949
3/3/2014,41.81433526
3/4/2014,77.87089134
3/5/2014,79.1387715
3/6/2014,82.86395694
3/7/2014,83.67692315
3/10/2014,76.8413515
3/11/2014,35.90435658
3/12/2014,38.54257325
3/13/2014,10.72055094
3/14/2014,8.454085466
3/17/2014,54.6468717
3/18/2014,71.70420512
3/19/2014,50.34780756
3/20/2014,66.60819802
3/21/2014,50.14374565
3/24/2014,35.98138538
3/25/2014,56.86555577
3/26/2014,32.58600127
3/27/2014,27.46602057
3/28/2014,53.20046576
3/31/2014,75.22469984
4/1/2014,84.27825257
4/2/2014,87.70295786
4/3/2014,77.63593664
4/4/2014,30.61711729
4/7/2014,16.64715436
4/8/2014,33.45138714
4/9/2014,62.85949548
4/10/2014,27.22283147
4/11/2014,20.06057492
4/14/2014,40.43337799
4/15/2014,55.44239501
4/16/2014,71.78013622
4/17/2014,73.72639983
4/21/2014,79.12610657
4/22/2014,85.12327285
4/23/2014,69.59679386
4/24/2014,75.40816779
4/25/2014,34.8820732
4/28/2014,50.2476555
4/29/2014,67.30945273
4/30/2014,75.44118334
5/1/2014,75.7650315
5/2/2014,59.82932411
5/5/2014,71.72228118
5/6/2014,23.72542173
5/7/2014,54.41638815
5/8/2014,49.03488055
5/9/2014,57.79904336
5/12/2014,84.28675695
5/13/2014,85.55067141
5/14/2014,52.20691391
5/15/2014,25.11979414
5/16/2014,42.60973976
5/19/2014,58.16748975
5/20/2014,34.19049511
5/21/2014,63.85973906
5/22/2014,69.80479721
5/23/2014,78.54965261
5/27/2014,87.14590486
5/28/2014,81.2986618
5/29/2014,89.07482911
5/30/2014,90.85989367
6/2/2014,92.21418717
6/3/2014,83.75507412
6/4/2014,89.42908299
6/5/2014,96.07419706
6/6/2014,97.68522841
6/9/2014,97.95587204
6/10/2014,97.99110732
6/11/2014,52.15279787
6/12/2014,21.51639235
6/13/2014,42.99135715
6/16/2014,48.70293267
6/17/2014,65.96294297
6/18/2014,85.43223216
6/19/2014,87.13101993
6/20/2014,90.22777247
6/23/2014,85.5558684
6/24/2014,33.85325464
6/25/2014,60.53367787
6/26/2014,55.21844262
6/27/2014,67.01096799
6/30/2014,60.6987256
7/1/2014,86.21123137
7/2/2014,87.99550509
7/3/2014,93.81692582
7/7/2014,61.82692609
7/8/2014,31.84555207
7/9/2014,54.68478765
7/10/2014,37.83009192
7/11/2014,46.40600934
7/14/2014,69.5284384
7/15/2014,55.98673283
7/16/2014,72.07945689
7/17/2014,26.79161752
7/18/2014,60.16399381
7/21/2014,53.4075075
7/22/2014,66.51645626
7/23/2014,72.46266574
7/24/2014,72.62829722
7/25/2014,39.48447384
7/28/2014,42.84923046
7/29/2014,22.71592198
7/30/2014,24.5909574
7/31/2014,4.298483436
8/1/2014,3.619127888
8/4/2014,38.16089216
8/5/2014,22.09529321
8/6/2014,23.63419955
8/7/2014,15.61397633
8/8/2014,59.46255408
8/11/2014,66.14830266
8/12/2014,59.0991762
8/13/2014,76.96453169
8/14/2014,84.2239109
8/15/2014,82.52567914
8/18/2014,92.19388678
8/19/2014,94.86838629
8/20/2014,95.94164333
8/21/2014,96.97884727
8/22/2014,80.48783849
8/25/2014,89.34393815
8/26/2014,90.20269617
8/27/2014,83.95611347
8/28/2014,73.46668325
8/29/2014,86.53880666
9/2/2014,76.60914996
9/3/2014,64.40794366
9/4/2014,39.52382312
9/5/2014,78.38987125
9/8/2014,50.34865858
9/9/2014,21.79042356
9/10/2014,47.94518462
9/11/2014,54.88463449
9/12/2014,27.20719364
9/15/2014,24.80175838
9/16/2014,67.67134599
9/17/2014,71.98421992
9/18/2014,84.37427202
9/19/2014,75.83440781
9/22/2014,32.94753104
9/23/2014,20.28934545
9/24/2014,55.30852458
9/25/2014,23.34671859
9/26/2014,46.01661342
9/29/2014,41.74353171
9/30/2014,34.75111639
10/1/2014,15.17418199
10/2/2014,15.97146212
10/3/2014,58.11941733
10/6/2014,53.77139118
10/7/2014,21.69602989
10/8/2014,60.81118611
10/9/2014,32.61405706
10/10/2014,23.42382113
10/13/2014,14.62743862
10/14/2014,18.86211437
10/15/2014,14.22670292
10/16/2014,13.59511804
10/17/2014,54.8883342
10/20/2014,71.73977758
10/21/2014,86.88201158
10/22/2014,67.13210964
10/23/2014,78.84258749
10/24/2014,84.41860666
10/27/2014,78.8102829
10/28/2014,88.42367171
10/29/2014,81.06760043
10/30/2014,87.61156919
10/31/2014,93.58378586
11/3/2014,93.80003124
11/4/2014,70.96479806
11/5/2014,82.53557538
11/6/2014,87.35611152
11/7/2014,88.47525768
11/10/2014,92.03690892
11/11/2014,93.04456833
11/12/2014,76.97636055
11/13/2014,81.88278402
11/14/2014,83.06113396
11/17/2014,86.48502447
11/18/2014,96.39899168
11/19/2014,73.71466512
11/20/2014,81.02199649
11/21/2014,91.65510001
11/24/2014,94.21740626
11/25/2014,84.18976124
11/26/2014,89.89214843
11/28/2014,62.03068182
12/1/2014,24.60118291
12/2/2014,58.93246591
12/3/2014,70.89110903
12/4/2014,62.98219715
12/5/2014,70.32346216
12/8/2014,31.73166692
12/9/2014,29.30216475
12/10/2014,7.887065262
12/11/2014,31.31662604
12/12/2014,14.09119696
12/15/2014,10.47655213
12/16/2014,7.24460756
12/17/2014,56.29176512
12/18/2014,78.36314241
12/19/2014,80.91219922
12/22/2014,83.9850751
12/23/2014,85.04925345
12/24/2014,85.15495286
12/26/2014,89.04581089
12/29/2014,90.59158869
12/30/2014,49.05585855
12/31/2014,21.65852608
1/2/2015,20.73095979
1/5/2015,6.547655397
1/6/2015,4.291892956
1/7/2015,42.93687302
1/8/2015,69.53755468
1/9/2015,52.62484037
1/12/2015,38.87310242
1/13/2015,34.10985365
1/14/2015,24.47959096
1/15/2015,14.93840322
1/16/2015,53.50078253
1/20/2015,58.185246
1/21/2015,69.21916517
1/22/2015,85.82794143
1/23/2015,65.87723599
1/26/2015,70.27925704
1/27/2015,33.58629085
1/28/2015,19.17748521
1/29/2015,44.56185469
1/30/2015,27.05912275
2/2/2015,53.6273163
2/3/2015,71.82534846
2/4/2015,62.06596348
2/5/2015,75.33996038
2/6/2015,65.7853671
2/9/2015,50.33256895
2/10/2015,72.93213864
2/11/2015,73.91241123
2/12/2015,86.27500247
2/13/2015,89.5003669
2/17/2015,90.75138355
2/18/2015,90.85057645
2/19/2015,81.07624541
2/20/2015,91.9660154
2/23/2015,90.11619252
2/24/2015,93.83861066
2/25/2015,80.23890048
2/26/2015,61.63078902
2/27/2015,30.78829275
3/2/2015,71.00140416
3/3/2015,45.22056954
3/4/2015,29.0404723
3/5/2015,37.68487496
3/6/2015,11.24488682
3/9/2015,32.02812518
3/10/2015,13.45437209
3/11/2015,11.97514348
3/12/2015,53.50822141
3/13/2015,39.76207992
3/16/2015,67.16239628
3/17/2015,58.20866273
3/18/2015,76.86454735
3/19/2015,61.14267428
3/20/2015,75.57571037
3/23/2015,67.23227004
3/24/2015,45.53272358
3/25/2015,20.18755029
3/26/2015,17.80677143
3/27/2015,29.73022552
3/30/2015,67.49871788
3/31/2015,42.59702143
4/1/2015,34.85948901
4/2/2015,48.9574005
4/6/2015,68.29223359
4/7/2015,55.75663891
4/8/2015,67.23730985
4/9/2015,78.32558989
4/10/2015,86.69498585
4/13/2015,58.47208362
4/14/2015,65.55501679
4/15/2015,78.48717023
4/16/2015,75.76352862
4/17/2015,24.44443146
4/20/2015,57.97146791
4/21/2015,53.30311888
4/22/2015,68.81999388
4/23/2015,75.18460301
4/24/2015,80.65956982
4/27/2015,50.59188657
4/28/2015,65.3446788
4/29/2015,41.3154498
4/30/2015,17.67260449
5/1/2015,57.1077139
5/4/2015,63.97874315
5/5/2015,32.48996273
5/6/2015,25.73736327
5/7/2015,42.91365617
5/8/2015,73.44127974
5/11/2015,56.72876512
5/12/2015,46.77043295
5/13/2015,47.64623235
5/14/2015,77.72570954
5/15/2015,79.57451096
5/18/2015,84.950484
5/19/2015,81.53679522
5/20/2015,72.2072723
5/21/2015,83.74074528
5/22/2015,55.38370462
5/26/2015,16.88065284
5/27/2015,56.49865181
5/28/2015,52.03473568
5/29/2015,31.50010984
6/1/2015,42.57329886
6/2/2015,38.0663464
6/3/2015,56.49362482
6/4/2015,23.28102883
6/5/2015,19.77422778
6/8/2015,10.70409717
6/9/2015,12.04996405
6/10/2015,69.56610237
6/11/2015,76.03006402
6/12/2015,42.37685718
6/15/2015,32.09392646
6/16/2015,54.85862013
6/17/2015,60.70101209
6/18/2015,82.22205331
6/19/2015,61.41909345
6/22/2015,73.77518698
6/23/2015,75.51810255
6/24/2015,38.5443776
6/25/2015,29.10559093
6/26/2015,31.68914338
6/29/2015,7.107552703
6/30/2015,16.33670371
7/1/2015,47.58382452
7/2/2015,43.92267509
7/6/2015,33.78321043
7/7/2015,61.36268264
7/8/2015,23.39839326
7/9/2015,28.5435503
7/10/2015,64.27226246
7/13/2015,78.18913219
7/14/2015,82.49557168
7/15/2015,80.26624468
7/16/2015,88.64840341
7/17/2015,89.46678581
7/20/2015,90.25704096
7/21/2015,54.86055231
7/22/2015,41.51377997
7/23/2015,21.93135424
7/24/2015,9.318322971
7/27/2015,6.336586082
7/28/2015,53.81368699
7/29/2015,67.74579223
7/30/2015,68.23786172
7/31/2015,58.35407757
8/3/2015,41.01389273
8/4/2015,32.71106464
8/5/2015,57.34995377
8/6/2015,25.69137269
8/7/2015,21.34779642
8/10/2015,69.72829674
8/11/2015,41.73549264
8/12/2015,46.02436665
8/13/2015,42.09151885
8/14/2015,58.17667185
8/17/2015,76.20332537
8/18/2015,56.89261897
8/19/2015,28.50944614
8/20/2015,9.70841153
8/21/2015,3.917850059
8/24/2015,1.836718289
8/25/2015,1.494746614
8/26/2015,48.06811722
8/27/2015,63.59426013
8/28/2015,63.88347926
8/31/2015,50.97508814
9/1/2015,25.12647286
9/2/2015,49.40428035
9/3/2015,50.97628258
9/4/2015,31.97496903
9/8/2015,64.00509822
9/9/2015,45.99465082
9/10/2015,53.85737709
9/11/2015,60.84009021
9/14/2015,50.96149854
9/15/2015,72.6276171
9/16/2015,81.16707696
9/17/2015,72.35185797
9/18/2015,32.43588674
9/21/2015,46.81231326
9/22/2015,26.74024133
9/23/2015,24.85226059
9/24/2015,20.09835165
9/25/2015,19.59503125
9/28/2015,4.772053789
9/29/2015,8.337594687
9/30/2015,57.55112062
10/1/2015,62.2312099
10/2/2015,79.89795401
10/5/2015,89.12427319
10/6/2015,78.52917031
10/7/2015,84.93079507
10/8/2015,89.933177
10/9/2015,90.25652661
10/12/2015,90.94733861
10/13/2015,53.15941945
10/14/2015,36.13603628
10/15/2015,74.76883896
10/16/2015,80.17683949
10/19/2015,80.84614471
10/20/2015,71.43898999
10/21/2015,38.70156226
10/22/2015,78.36277451
10/23/2015,87.02214311
10/26/2015,76.48738393
10/27/2015,66.86553761
10/28/2015,83.95257627
10/29/2015,82.60439384
10/30/2015,56.48323384
11/2/2015,80.35776744
11/3/2015,83.68659408
11/4/2015,66.50301334
11/5/2015,59.68378139
11/6/2015,55.59463612
11/9/2015,19.63518063
11/10/2015,35.06410521
11/11/2015,23.50202799
11/12/2015,8.548430774
11/13/2015,4.865483296
11/16/2015,49.00097353
11/17/2015,47.39412955
11/18/2015,74.56909703
11/19/2015,71.5102073
11/20/2015,77.3862521
11/23/2015,70.49864151
11/24/2015,74.47471268
11/25/2015,72.89506892
11/27/2015,78.39161748
11/30/2015,37.28123598
12/1/2015,77.59553411
12/2/2015,38.00548386
12/3/2015,18.63556194
12/4/2015,60.30745375
12/7/2015,48.50550104
12/8/2015,36.64712536
12/9/2015,25.77647751
12/10/2015,35.25937974
12/11/2015,14.43446598
12/14/2015,30.23482896
12/15/2015,55.80045252
12/16/2015,75.08727602
12/17/2015,44.38738693
12/18/2015,26.01617408
12/21/2015,42.30438536
12/22/2015,57.77152576
12/23/2015,72.82128828
12/24/2015,67.92228574
12/28/2015,59.60744454
12/29/2015,78.23229638
12/30/2015,53.4283349
12/31/2015,32.06039072
1/4/2016,17.51967355
1/5/2016,23.71172196
1/6/2016,12.87852037
1/7/2016,5.63122916
1/8/2016,4.089699876
1/11/2016,7.478674566
1/12/2016,35.40679338
1/13/2016,14.68585404
1/14/2016,45.43085296
1/15/2016,26.43744124
1/19/2016,29.13410595
1/20/2016,19.04096734
1/21/2016,33.87051344
1/22/2016,67.13008983
1/25/2016,42.83195127
1/26/2016,61.44073515
1/27/2016,44.04965446
1/28/2016,53.41373471
1/29/2016,78.64000626
2/1/2016,77.68134075
2/2/2016,40.64731646
2/3/2016,51.88623721
2/4/2016,55.23261982
2/5/2016,24.3395793
2/8/2016,15.38977544
2/9/2016,15.57383133
2/10/2016,14.8010602
2/11/2016,6.978189407
2/12/2016,58.47591338
2/16/2016,75.48528163
2/17/2016,84.72317707
2/18/2016,74.05577058
2/19/2016,72.49604085
2/22/2016,86.08029429
2/23/2016,51.99421459
2/24/2016,60.40704371
2/25/2016,76.69591613
2/26/2016,68.55961655
2/29/2016,44.48891798
3/1/2016,78.36780868
3/2/2016,81.65319528
3/3/2016,84.70652945
3/4/2016,87.34021795
3/7/2016,88.09701742
3/8/2016,39.55123112
3/9/2016,55.87300332
3/10/2016,58.61004723
3/11/2016,85.59016277
3/14/2016,79.32715627
3/15/2016,69.62732267
3/16/2016,81.59567682
3/17/2016,88.85725128
3/18/2016,91.8591186
3/21/2016,92.89972262
3/22/2016,86.60109965
3/23/2016,38.52224241
3/24/2016,36.49579918
3/28/2016,42.54100262
3/29/2016,82.24788226
3/30/2016,88.13543846
3/31/2016,69.05130604
4/1/2016,83.79190575
4/4/2016,62.44276181
4/5/2016,28.70825109
4/6/2016,62.0230714
4/7/2016,34.91485956
4/8/2016,43.20607958
4/11/2016,37.03083984
4/12/2016,65.93713219
4/13/2016,80.57789756
4/14/2016,80.63788747
4/15/2016,72.86938079
4/18/2016,85.84977765
4/19/2016,89.3156715
4/20/2016,90.38624757
4/21/2016,48.88159245
4/22/2016,48.88159245
4/25/2016,36.77664596
4/26/2016,52.09878798
4/27/2016,68.15629197
4/28/2016,21.155236
4/29/2016,13.14175177
5/2/2016,52.58794987
5/3/2016,30.01890071
5/4/2016,21.30489322
5/5/2016,20.98716982
5/6/2016,44.34194548
5/9/2016,49.4239892
5/10/2016,83.48660009
5/11/2016,47.18056121
5/12/2016,48.21972544
5/13/2016,25.57467485
5/16/2016,58.43413093
5/17/2016,35.78893574
5/18/2016,36.92827439
5/19/2016,28.08078476
5/20/2016,56.49078151
5/23/2016,50.05292784
5/24/2016,80.96439817
5/25/2016,87.24235733
5/26/2016,87.50534459
5/27/2016,91.4647068
5/31/2016,75.51344168
6/1/2016,80.88810726
6/2/2016,87.17380203
6/3/2016,58.67757682
6/6/2016,77.4538448
6/7/2016,81.36967414
6/8/2016,87.93962889
6/9/2016,71.9455639
6/10/2016,24.88574412
6/13/2016,13.8965793
6/14/2016,11.90161616
6/15/2016,10.32836583
6/16/2016,37.02447665
6/17/2016,23.7545427
6/20/2016,60.42742591
6/21/2016,70.02215779
6/22/2016,57.88941749
6/23/2016,86.29013718
6/24/2016,22.5543148
6/27/2016,14.7149851
6/28/2016,43.7296512
6/29/2016,62.24661542
6/30/2016,73.0777297
7/1/2016,74.77156329
7/5/2016,56.47858044
7/6/2016,66.61932151
7/7/2016,64.28292451
7/8/2016,84.21452228
7/11/2016,86.85869392
7/12/2016,91.35038538
7/13/2016,90.4535428
7/14/2016,93.99417917
7/15/2016,82.85457199
7/18/2016,87.35151212
7/19/2016,76.008752
7/20/2016,86.64813176
7/21/2016,53.95020008
7/22/2016,72.41836952
7/25/2016,53.01839483
7/26/2016,56.01491155
7/27/2016,45.91343715
7/28/2016,58.20152486
7/29/2016,71.7027765
8/1/2016,57.40074821
8/2/2016,17.33909428
8/3/2016,43.93883748
8/4/2016,52.33821189
8/5/2016,82.53815957
8/8/2016,77.15407245
8/9/2016,79.19024904
8/10/2016,50.90989672
8/11/2016,75.47855572
8/12/2016,66.13860883
8/15/2016,79.03937942
8/16/2016,39.03122119
8/17/2016,52.19884032
8/18/2016,65.54226903
8/19/2016,51.4687025
8/22/2016,50.95545894
8/23/2016,70.4140203
8/24/2016,27.99976643
8/25/2016,24.97665858
8/26/2016,17.31426163
8/29/2016,62.43276505
8/30/2016,48.95217335
8/31/2016,31.42445111
9/1/2016,32.012023
9/2/2016,69.95040699
9/6/2016,80.78353751
9/7/2016,79.48015051
9/8/2016,49.53441182
9/9/2016,7.166752681
9/12/2016,46.97211154
9/13/2016,28.4045495
9/14/2016,27.97791641
9/15/2016,54.98571785
9/16/2016,45.07990519
9/19/2016,45.78748965
9/20/2016,46.04795448
9/21/2016,80.24831555
9/22/2016,87.164283
9/23/2016,59.71936955
9/26/2016,35.24176692
9/27/2016,55.86439059
9/28/2016,68.11719262
9/29/2016,38.64156725
9/30/2016,60.06564513
10/3/2016,51.42082055
10/4/2016,35.30041038
10/5/2016,53.9878098
10/6/2016,56.93309563
10/7/2016,38.6305226
10/10/2016,64.52363406
10/11/2016,25.37647288
10/12/2016,31.74726262
10/13/2016,24.04841665
10/14/2016,28.1553536
10/17/2016,18.21642932
10/18/2016,58.09602835
10/19/2016,68.09680459
10/20/2016,54.42446388
10/21/2016,57.61531017
10/24/2016,78.32875447
10/25/2016,49.57520336
10/26/2016,37.30746108
10/27/2016,25.00328394
10/28/2016,16.16520662
10/31/2016,16.86522385
11/1/2016,5.760086522
11/2/2016,3.174426876
11/3/2016,2.103682289
11/4/2016,1.876264181
11/7/2016,76.87605299
11/8/2016,81.34073943
11/9/2016,88.9249985
11/10/2016,90.32775359
11/11/2016,76.8145592
11/14/2016,78.45820142
11/15/2016,89.52811708
11/16/2016,75.42264056
11/17/2016,85.064286
11/18/2016,67.64847624
11/21/2016,84.09543106
11/22/2016,86.7323342
11/23/2016,87.59328783
11/25/2016,92.5493045
11/28/2016,52.58605574
11/29/2016,62.60129314
11/30/2016,45.01976826
12/1/2016,27.38715062
12/2/2016,32.75196851
12/5/2016,71.13829247
12/6/2016,80.15110955
12/7/2016,93.249888
12/8/2016,94.31684403
12/9/2016,96.41724674
12/12/2016,87.17874017
12/13/2016,93.01224917
12/14/2016,50.28463718
12/15/2016,62.92292102
12/16/2016,53.23810964
12/19/2016,62.78358291
12/20/2016,75.89075947
12/21/2016,54.89209847
12/22/2016,43.67141486
12/23/2016,55.27545945
12/27/2016,70.66008908
12/28/2016,25.94893312
12/29/2016,25.3071335
12/30/2016,15.72975538
1/3/2017,61.41073046
1/4/2017,76.42931432
1/5/2017,70.87154418
1/6/2017,80.46179372
1/9/2017,55.21389557
1/10/2017,55.21389557
1/11/2017,72.05181377
1/12/2017,47.9617009
1/13/2017,64.29653209
1/17/2017,37.28708169
1/18/2017,55.00680104
1/19/2017,32.12925285
1/20/2017,58.01176167
1/23/2017,41.24173155
1/24/2017,71.55456056
1/25/2017,86.13325311
1/26/2017,78.75681775
1/27/2017,66.03324526
1/30/2017,33.76194666
1/31/2017,33.4168813
2/1/2017,37.71288126
2/2/2017,46.36671409
2/3/2017,83.13910095
2/6/2017,65.53629169
2/7/2017,65.80221859
2/8/2017,74.59031634
2/9/2017,90.75155648
2/10/2017,94.35505853
2/13/2017,96.87995283
2/14/2017,97.91329482
2/15/2017,98.73664583
2/16/2017,90.00451325
2/17/2017,91.97413243
2/21/2017,96.21155088
2/22/2017,85.99603696
2/23/2017,87.51148505
2/24/2017,90.42564304
2/27/2017,93.31227943
2/28/2017,52.35510432
3/1/2017,89.18450167
3/2/2017,58.33042662
3/3/2017,60.37309228
3/6/2017,44.78520293
3/7/2017,32.28233745
3/8/2017,25.63063464
3/9/2017,38.57503044
3/10/2017,64.33529206
3/13/2017,67.3085001
3/14/2017,34.54705984
3/15/2017,75.2515
3/16/2017,61.99288769
3/17/2017,50.1766127
3/20/2017,42.58475918
3/21/2017,11.65578821
3/22/2017,26.20175415
3/23/2017,23.55724134
3/24/2017,21.35870335
3/27/2017,17.83346833
3/28/2017,70.15973476
3/29/2017,73.44241341
3/30/2017,83.00433171
3/31/2017,59.45695403
4/3/2017,45.13843961
4/4/2017,51.54252712
4/5/2017,28.36491062
4/6/2017,56.21294322
4/7/2017,46.37811446
4/10/2017,53.49677171
4/11/2017,38.25930562
4/12/2017,14.87734177
4/13/2017,6.323241463
4/17/2017,56.80854689
4/18/2017,44.5657763
4/19/2017,37.18302089
4/20/2017,70.0594793
4/21/2017,53.48470349
4/24/2017,79.05408717
4/25/2017,85.46467429
4/26/2017,81.40231161
4/27/2017,83.0167798
4/28/2017,62.02045665
5/1/2017,73.58371618
5/2/2017,75.27765077
5/3/2017,57.46871657
5/4/2017,68.32202261
5/5/2017,86.13674289
5/8/2017,83.15174366
5/9/2017,64.66599007
5/10/2017,78.60860885
5/11/2017,46.94391865
5/12/2017,31.43796536
5/15/2017,73.98099645
5/16/2017,64.04568099
5/17/2017,13.06905704
5/18/2017,31.34759779
5/19/2017,54.57317187
5/22/2017,67.52252159
5/23/2017,72.64586598
5/24/2017,78.11696021
5/25/2017,86.45925243
5/26/2017,84.36184048
5/30/2017,73.17802242
5/31/2017,69.24402828
6/1/2017,91.41041219
6/2/2017,94.10088422
6/5/2017,85.20534317
6/6/2017,52.77444328
6/7/2017,64.47545865
6/8/2017,67.67848906
6/9/2017,47.7610465
6/12/2017,45.07226398
6/13/2017,81.75025637
6/14/2017,64.83412758
6/15/2017,44.0865589
6/16/2017,46.97051979
6/19/2017,86.57258934
6/20/2017,45.20760052
6/21/2017,44.05902136
6/22/2017,41.18191117
6/23/2017,53.25248854
6/26/2017,60.03924102
6/27/2017,16.37070074
6/28/2017,62.02689568
6/29/2017,34.24393693
6/30/2017,42.38402687
7/3/2017,50.72124356
7/5/2017,61.9898917
7/6/2017,26.26951636
7/7/2017,54.12992908
7/10/2017,58.08897317
7/11/2017,53.31096107
7/12/2017,79.22718071
7/13/2017,82.50818617
7/14/2017,89.45480179
7/17/2017,88.0740932
7/18/2017,89.16141528
7/19/2017,95.48246629
7/20/2017,95.78723816
7/21/2017,79.66298914
7/24/2017,74.53041459
7/25/2017,87.0476248
7/26/2017,87.20474893
7/27/2017,61.46669813
7/28/2017,39.44613379
7/31/2017,31.32134926
8/1/2017,68.97755363
8/2/2017,73.69739857
8/3/2017,38.52742671
8/4/2017,63.21465757
8/7/2017,77.233045
8/8/2017,43.93087299
8/9/2017,43.46876991
8/10/2017,6.695439367
8/11/2017,17.49504473
8/14/2017,61.92827102
8/15/2017,61.31455841
8/16/2017,68.11224939
8/17/2017,20.2718886
8/18/2017,18.36245682
8/21/2017,23.74907641
8/22/2017,67.17786595
8/23/2017,51.83517393
8/24/2017,42.42184124
8/25/2017,54.74844899
8/28/2017,55.00222927
8/29/2017,63.57343396
8/30/2017,83.31825755
8/31/2017,91.81221775
9/1/2017,93.06481943
9/5/2017,42.94496864
9/6/2017,58.69218408
9/7/2017,57.83744713
9/8/2017,47.74952184
9/11/2017,84.50813713
9/12/2017,88.4132874
9/13/2017,89.00709821
9/14/2017,84.66687576
9/15/2017,88.27532065
9/18/2017,92.47659558
9/19/2017,93.9982273
9/20/2017,94.58902261
9/21/2017,45.05285613
9/22/2017,48.0952012
9/25/2017,26.03542464
9/26/2017,38.48360888
9/27/2017,76.63200158
9/28/2017,81.85256325
9/29/2017,90.84860542
10/2/2017,95.23619036
10/3/2017,96.48759672
10/4/2017,97.11841382
10/5/2017,98.77220827
10/6/2017,84.67812627
10/9/2017,64.64165144
10/10/2017,77.42397052
10/11/2017,82.94561698
10/12/2017,61.50891689
10/13/2017,70.7569385
10/16/2017,79.04147389
10/17/2017,82.89048291
10/18/2017,87.62543767
10/19/2017,88.91400758
10/20/2017,97.1899539
10/23/2017,52.58273422
10/24/2017,63.79822335
10/25/2017,31.87817799
10/26/2017,42.99468238
10/27/2017,77.6474349
10/30/2017,54.72637673
10/31/2017,61.77819293
11/1/2017,68.11094023
11/2/2017,70.28373415
11/3/2017,84.18297567
11/6/2017,88.07421736
11/7/2017,75.53005517
11/8/2017,83.92448039
11/9/2017,39.97696451
11/10/2017,37.47106552
11/13/2017,51.2235263
11/14/2017,28.07111619
11/15/2017,11.42124909
11/16/2017,64.61816496
11/17/2017,49.17433946
11/20/2017,57.91004717
11/21/2017,78.85178053
11/22/2017,71.5821223
11/24/2017,79.11671257
11/27/2017,72.84048883
11/28/2017,92.0509499
11/29/2017,86.48870433
11/30/2017,94.13251994
12/1/2017,78.25261433
12/4/2017,68.21084293
12/5/2017,43.40573947
12/6/2017,44.98490424
12/7/2017,67.54123663
12/8/2017,84.29660996
12/11/2017,89.01990562
12/12/2017,91.32048453
12/13/2017,89.52592519
12/14/2017,43.21048315
12/15/2017,77.94557964
12/18/2017,87.06070374
12/19/2017,63.18626441
12/20/2017,59.84038291
12/21/2017,69.39107505
12/22/2017,66.37789292
12/26/2017,51.1451809
12/27/2017,57.13998173
12/28/2017,75.90095588
12/29/2017,34.40999036
1/2/2018,74.28460561
1/3/2018,85.80551894
1/4/2018,90.21496587
1/5/2018,94.37599646
1/8/2018,95.21851744
1/9/2018,96.2604593
1/10/2018,78.80875726
1/11/2018,90.7659541
1/12/2018,94.75865012
1/16/2018,70.59419738
1/17/2018,85.74588586
1/18/2018,75.37490601
1/19/2018,83.47601558
1/22/2018,91.2381681
1/23/2018,92.60873329
1/24/2018,88.78938529
1/25/2018,89.4981349
1/26/2018,97.07634554
1/29/2018,59.6653639
1/30/2018,31.59602209
1/31/2018,33.834751
2/1/2018,30.42110208
2/2/2018,7.802618057
2/5/2018,2.520290757
2/6/2018,33.15894206
2/7/2018,29.28275346
2/8/2018,13.27526472
2/9/2018,34.10310789
2/12/2018,51.45522757
2/13/2018,54.54142821
2/14/2018,70.06729012
2/15/2018,79.92307277
2/16/2018,80.15103054
2/20/2018,58.75828025
2/21/2018,44.64605692
2/22/2018,49.37475245
2/23/2018,80.36116199
2/26/2018,88.30696289
2/27/2018,53.19163563
2/28/2018,35.99222992
3/1/2018,21.30795819
3/2/2018,35.16890492
3/5/2018,59.36512494
3/6/2018,63.85457688
3/7/2018,62.35694391
3/8/2018,74.29449375
3/9/2018,90.54592647
3/12/2018,84.6553067
3/13/2018,56.36661288
3/14/2018,40.39386774
3/15/2018,37.06550076
3/16/2018,43.95231337
3/19/2018,14.41005034
3/20/2018,23.92110745
3/21/2018,20.12846111
3/22/2018,4.91953763
3/23/2018,2.532889254
3/26/2018,49.08095748
3/27/2018,33.6720236
3/28/2018,31.1660587
3/29/2018,53.53159909
4/2/2018,29.19120845
4/3/2018,49.28663178
4/4/2018,62.70822937
4/5/2018,71.22461483
4/6/2018,36.06371929
4/9/2018,44.88750149
4/10/2018,67.02187525
4/11/2018,55.76907436
4/12/2018,68.25168651
4/13/2018,59.23779017
4/16/2018,73.76388073
4/17/2018,84.57862738
4/18/2018,85.21785174
4/19/2018,58.11854682
4/20/2018,33.69115172
4/23/2018,33.32282812
4/24/2018,13.47610939
4/25/2018,25.52313441
4/26/2018,59.98230075
4/27/2018,62.41574583
4/30/2018,35.70906959
5/1/2018,43.95591524
5/2/2018,25.42705074
5/3/2018,21.08313865
5/4/2018,68.46041403
5/7/2018,74.53152217
5/8/2018,74.53152217
5/9/2018,88.6379407
5/10/2018,93.72780936
5/11/2018,94.86441912
5/14/2018,95.07414341
5/15/2018,50.41551902
5/16/2018,65.25862872
5/17/2018,59.837663
5/18/2018,43.7282828
5/21/2018,74.55452034
5/22/2018,57.08017993
5/23/2018,68.13560093
5/24/2018,52.88050958
5/25/2018,38.04860025
5/29/2018,12.57414061
5/30/2018,59.37217039
5/31/2018,43.22681433
6/1/2018,65.58620663
6/4/2018,73.2960629
6/5/2018,74.60892333
6/6/2018,86.26006366
6/7/2018,85.4922375
6/8/2018,89.37021718
6/11/2018,90.99870574
6/12/2018,92.64356465
6/13/2018,55.22222587
6/14/2018,69.67405641
6/15/2018,55.92188886
6/18/2018,37.86898687
6/19/2018,19.92585446
6/20/2018,39.11346283
6/21/2018,16.83725715
6/22/2018,33.30459103
6/25/2018,10.33757037
6/26/2018,23.09924257
6/27/2018,12.82864053
6/28/2018,40.14965495
6/29/2018,46.51693667
7/2/2018,56.77536296
7/3/2018,38.4600249
7/5/2018,70.88877123
7/6/2018,84.05921728
7/9/2018,90.77797168
7/10/2018,92.65136411
7/11/2018,57.13503114
7/12/2018,74.89569347
7/13/2018,76.19260113
7/16/2018,70.02624925
7/17/2018,80.64605577
7/18/2018,84.84993861
7/19/2018,53.52071983
7/20/2018,45.85382821
7/23/2018,59.86732406
7/24/2018,80.44784139
7/25/2018,91.53346474
7/26/2018,73.97097377
7/27/2018,40.53807223
7/30/2018,26.68614753
7/31/2018,50.50249603
8/1/2018,43.31401225
8/2/2018,66.55792288
8/3/2018,77.50152022
8/6/2018,84.17720995
8/7/2018,88.71626109
8/8/2018,84.09666611
8/9/2018,67.0709181
8/10/2018,26.96507785
8/13/2018,18.00338861
8/14/2018,55.59429483
8/15/2018,30.71639799
8/16/2018,62.96396837
